﻿gvkey,tic,conm,cert
2002,BPOP,POPULAR INC,34967
2005,BOH,BANK OF HAWAII CORP,18053
2019,BK,BANK OF NEW YORK MELLON CORP,639
2968,JPM,JPMORGAN CHASE & CO,628
3231,CMA,COMERICA INC,983
3238,CBSH,COMMERCE BANCSHARES INC,24998
3643,CFR,CULLEN/FROST BANKERS INC,5510
4640,FITB,FIFTH THIRD BANCORP,6672
4674,RF,REGIONS FINANCIAL CORP,10965
4685,TRMK,TRUSTMARK CORP,4988
4699,MTB,M & T BANK CORP,588
4723,USB,US BANCORP,6548
4737,FHN,FIRST HORIZON CORP,4977
5786,HBAN,HUNTINGTON BANCSHARES,6560
7647,BAC,BANK OF AMERICA CORP,3510
7982,NTRS,NORTHERN TRUST CORP,913
8007,WFC,WELLS FARGO & CO,3511
8245,PNC,PNC FINANCIAL SVCS GROUP INC,6384
9061,HBC2,HSBC USA INC,57890
9783,KEY,KEYCORP,17534
10035,STT,STATE STREET CORP,14
10916,UMBF,UMB FINANCIAL CORP,8273
11687,ZION,ZIONS BANCORPORATION NA,2270
11842,ASB,ASSOCIATED BANC-CORP,5296
11856,TFC,TRUIST FINANCIAL CORP,9846
11861,VLY,VALLEY NATIONAL BANCORP,9396
12035,RBB,RBB BANCORP,58816
12673,BCS,BARCLAYS PLC,57203
13041,SNV,SYNOVUS FINANCIAL CORP,873
14140,SAN,BANCO SANTANDER SA,29950
14172,FULT,FULTON FINANCIAL CORP,7551
14219,CADE,CADENCE BANK,11813
14253,WABC,WESTAMERICA BANCORPORATION,3430
14275,FRC,FIRST REPUBLIC BANK,59017
15181,BBVA,BBVA,
15199,SRCE,1ST SOURCE CORP,9087
15509,HSBC,HSBC HLDGS PLC,57890
15552,DNKEY,DANSKE BANK AS,
15634,NWG,NATWEST GROUP PLC,
15929,LYG,LLOYDS BANKING GROUP PLC,
16271,SABK,SOUTH ATLANTIC BANCSHARES,58689
16549,SFBS,SERVISFIRST BANCSHARES INC,57993
16668,AROW,ARROW FINANCIAL CORP,7074
16705,CPF,CENTRAL PACIFIC FINANCIAL CP,17308
16777,FBNC,FIRST BANCORP/NC,15019
16781,CHCO,CITY HOLDING CO,17735
16790,CBU,COMMUNITY BANK SYSTEM INC,6989
16821,FBP,FIRST BANCORP P R,30387
16829,PCLB,PINNACLE BANCSHARES,29548
16832,GBCI,GLACIER BANCORP INC,30788
16845,FRME,FIRST MERCHANTS CORP,4365
16889,INDB,INDEPENDENT BANK CORP/MA,9712
16890,IBCP,INDEPENDENT BANK CORP/MI,27811
16967,HIFS,HINGHAM INSTN FOR SAVINGS,90211
16981,OFG,OFG BANCORP,31469
16989,PEBK,PEOPLES BANCORP NC INC,5956
17095,ONB,OLD NATIONAL BANCORP,3832
17106,PEBO,PEOPLES BANCORP INC/OH,6544
17120,SIVB,SVB FINANCIAL GROUP,24735
17130,STD2,SANTANDER HOLDINGS USA INC,29950
17132,WSFS,WSFS FINANCIAL CORP,17838
17150,WBS,WEBSTER FINANCIAL CORP,18221
17151,WSBC,WESBANCO INC,803
17184,SBCF,SEACOAST BANKING CORP/FL,131
17195,FFBC,FIRST FINL BANCORP INC/OH,6600
17240,TMP,TOMPKINS FINANCIAL CORP,609
17245,TRST,TRUSTCO BANK CORP/NY,31945
17248,UBSI,UNITED BANKSHARES INC/WV,22858
17367,AMNB,AMERICAN NATL BANKSHARES,6837
17451,IBTX,INDEPENDENT BK GRP INC,3076
17641,BKSC,BANK SOUTH CAROLINA CORP,26912
17659,CCFN,CCFNB BANCORP INC,686
17715,CVLY,CODORUS VALLEY BANCORP,13879
17724,CNOB,CONNECTONE BANCORP INC,57919
17795,CNAF,COMMERCIAL NATL FINL CP/PA,14333
17875,NIC,NICOLET BANKSHARES INC,57038
17877,CHMG,CHEMUNG FINANCIAL CORP,597
18037,CZNC,CITIZENS & NORTHERN CORP,7799
18049,FNB,F N B CORP/FL,7888
18094,FMBL,FARMERS & MERCHANTS BANK/CA,1225
18182,FDBC,FIDELITY D & D BANCORP INC,11868
18241,FCF,FIRST COMMONWLTH FINL CP/PA,7468
18264,FVCB,FVCBANKCORP INC,58696
18276,THFF,FIRST FINANCIAL CORP/IN,4382
18307,FLIC,FIRST LONG ISLAND CORP,7072
18329,BUSE,FIRST BUSEY CORP,16450
18358,FUNC,FIRST UNITED CORP,4857
18434,ALRS,ALERUS FINANCIAL CORP,3931
18533,HBNC,HORIZON BANCORP INC,4360
18732,LKFN,LAKELAND FINANCIAL CORP,13102
19023,NACB,NATIONAL CAPITAL BANK/WA,2093
19094,NBTB,N B T BANCORP INC,7230
19137,OVBC,OHIO VALLEY BANC CORP,384
19159,PWOD,PENNS WOODS BANCORP INC,14359
19262,CTBI,COMMUNITY TRUST BANCORP INC,2720
19318,PRK,PARK NATIONAL CORP,6653
19355,SFNC,SIMMONS FIRST NATL CP  -CL A,3890
19428,GSBC,GREAT SOUTHERN BANCORP,29546
19570,STBA,S & T BANCORP INC,11124
19713,AUB,ATLANTIC UNION BANKSHRS CRP,
19817,UVSP,UNIVEST FINANCIAL CORP,7759
19873,WASH,WASHINGTON TR BANCORP INC,23623
20019,CVBF,CVB FINANCIAL CORP,21716
20109,CCBG,CAPITAL CITY BK GROUP INC,9622
20299,LOB,LIVE OAK BANCSHARES INC,58665
20628,ISTR,INVESTAR HOLDING CORP,58316
20677,FFWM,FIRST FOUNDATION INC,58647
21593,CIVB,CIVISTA BANCSHARES INC,12982
21633,VBTX,VERITEX HOLDINGS INC,
21815,TFIN,TRIUMPH FINANCIAL INC,
21825,CFG,CITIZENS FINANCIAL GROUP INC,
22086,IBOC,INTL BANCSHARES CORP,
22717,SYBT,STOCK YARDS BANCORP INC,
22975,FNWB,FIRST NORTHWEST BANCRP,
23060,BHWB,BLACKHAWK BANCORP INC,
23450,NRIM,NORTHRIM BANCORP INC,
23500,CATY,CATHAY GENERAL BANCORP,
24232,HWC,HANCOCK WHITNEY CORP,
24447,BOKF,BOK FINANCIAL CORP,
24578,SWDBY,SWEDBANK AB,
25173,RNST,RENASANT CORP,
4690,FCNCA,FIRST CITIZENS BANCSH  -CL A,
25327,PVBC,PROVIDENT BANCORP INC,
25376,COLB.1,COLUMBIA BNKING SYS INC -OLD,
26071,FCBC,FIRST CMNTY BANCSHARES INC,
26179,SMBK,SMARTFINANCIAL INC,
26270,STEL,STELLAR BANCORP INC,
26347,EQBK,EQUITY BANCSHARES INC,
27111,MCBS,METROCITY BANKSHARES INC,
27235,BFST,BUSINESS FIRST BANCSHS INC,
27345,BPRN,PRINCETON BANCORP INC,
27604,HONE,HARBORONE BANCORP INC,
27665,FHB,FIRST HAWAIIAN INC,
27672,WCFB,WCF BANCORP INC,
27871,FBK,FB FINANCIAL CORP,
27945,CSTR,CAPSTAR FINANCIAL HLDGS INC,
28022,BANF,BANCFIRST CORP/OK,
28155,TCBK,TRICO BANCSHARES,
28278,GABC,GERMAN AMERICAN BANCORP INC,
28967,QCRH,QCR HOLDINGS INC,
29101,FFIN,FIRST FINL BANKSHARES INC,
29282,NYCB,NEW YORK CMNTY BANCORP INC,
29499,AFBI,AFFINITY BANCSHARES INC,
29513,KSBI,KS BANCORP INC,
29944,BMBN,BENCHMARK BANKSHARES INC,
29946,LARK,LANDMARK BANCORP INC/KS,
29994,FMBH,FIRST MID BANCSHARES INC,
30218,BSAC,BANCO SANTANDER-CHILE,
30222,ABCB,AMERIS BANCORP,
30580,ITUB,ITAU UNIBANCO HLDG SA,
30932,NWBI,NORTHWEST BANCSHARES INC,
31265,GNTY,GUARANTY BANCSHARES INC,
31368,HAFC,HANMI FINANCIAL CORP,
31585,BY,BYLINE BANCORP INC,
31606,ESQ,ESQUIRE FINCL HOLD INC,
31718,ATLO,AMES NATIONAL CORP,
31764,BMRC,BANK OF MARIN BANCORP,
31895,BHB,BAR HARBOR BANKSHARES,
32238,EFBI,EAGLE FINANCIAL BANCORP,
32619,MBIN,MERCHANTS BANCORP,
32763,LBC,LUTHER BURBANK CORP,
33056,CLBK,COLUMBIA FINANCIAL INC,
33131,BWB,BRIDGEWATER BANCSHARES,
33459,OBNK,ORIGIN BANCORP,
34132,BSVN,BANK7 CORP,
34189,CBNK,CAPITAL BANCORP INC,
34446,SI,SILVERGATE CAPITAL CORP,
35078,RRBI,RED RIVER BANCSHARES INC,
35101,SPFI,SOUTH PLAINS FINANCIAL INC,
35455,CFB,CROSSFIRST BANKSHARES INC,
36633,EBC,EASTERN BANKSHARES INC,
38764,BLFY,BLUE FOUNDRY BANCORP,
39261,SSBK,SOUTHERN STATES BANCSHAR INC,
39902,TCBX,THIRD COAST BANCSHARES INC,
39997,NU,NU HOLDINGS LTD,
60953,GTPS,GREAT AMERICAN BANCORP INC,
60990,BNCC,BNCCORP INC,
61225,FETM,FENTURA FINANCIAL INC,
61452,BAP,CREDICORP LTD,
61487,BANR,BANNER CORP,
61585,FFIC,FLUSHING FINANCIAL CORP,
61693,HTLF,HEARTLAND FINANCIAL USA INC,
61796,SOMC,SOUTHERN MICH BANCORP INC,
62139,PLBC,PLUMAS BANCORP,
62243,UNTY,UNITY BANCORP INC,
62654,SASR,SANDY SPRING BANCORP INC,
62979,SBSI,SOUTHSIDE BANCSHARES INC,
63135,DCOM,DIME COMMUNITY BANCSHARES,
63224,CVCY,CENTRAL VALLEY CMNTY BANCORP,
63232,OCFC,OCEANFIRST FINANCIAL CORP,
63590,BKRIY,BANK OF IRELAND GROUP PLC,
63639,OCN,OCWEN FINANCIAL CORP,
63725,WTBA,WEST BANCORPORATION INC,
63781,WTFC,WINTRUST FINANCIAL CORP,
64228,UBFO,UNITED SECURITY BANCSHARS CA,
64547,SSB,SOUTH STATE CORP,
64794,UCBI,UNITED COMMUNITY BANKS INC,
64979,PPBI,PACIFIC PREMIER BANCORP INC,
65106,OZK,BANK OZK,
65228,COLB,COLUMBIA BANKING SYSTEM INC,
65548,CAC,CAMDEN NATIONAL CORP,
65689,MBWM,MERCANTILE BANK CORP,
65796,MOFG,MIDWESTONE FINANCIAL GROUP,
66155,NWFL,NORWOOD FINANCIAL CORP,
66210,LCNB,LCNB CORP,
66235,HOPE,HOPE BANCORP INC,
66285,HFWA,HERITAGE FINANCIAL CORP,
66288,MPB,MID PENN BANCORP INC,
66336,TSBA,TOUCHSTONE BANKSHARES INC,
66453,COFS,CHOICEONE FINANCIAL SERVICES,
66504,CBAN,COLONY BANKCORP INC,
66597,FUSB,FIRST US BANCSHARES INC,
105547,BCS1,BARCLAYS BANK PLC,
105616,BRBS,BLUE RIDGE BANKSHARES INC,
105670,BRKL,BROOKLINE BANCORP INC,
107325,MCBC,MACATAWA BANK CORP,
107817,PGC,PEAPACK-GLADSTONE FINAN CORP,
108979,FGBI,FIRST GUARANTY BANCSHARES,
109599,HTBK,HERITAGE COMMERCE CORP,
109621,LBAI,LAKELAND BANCORP INC,
109659,TCFC,COMMUNITY FINANCIAL CORP,
110250,SMMF,SUMMIT FINANCIAL GROUP INC,
110979,CATC,CAMBRIDGE BANCORP,
111527,CZBT,CITIZENS BANCORP VA INC,
111721,EGBN,EAGLE BANCORP INC/MD,
111819,ORRF,ORRSTOWN FINANCIAL SVCS INC,
111940,FNLC,FIRST BANCORP INC/ME,
112572,FMAO,FARMERS & MERCHANTS BCP/OH,
113093,SAL,SALISBURY BANCORP INC,
115876,PB,PROSPERITY BANCSHARES INC,
116675,OBT,ORANGE COUNTY BANCORP INC,
117018,CFBK,CF BANKSHARES INC,
117141,EFSC,ENTERPRISE FINL SERVICES CP,
118042,EWBC,EAST WEST BANCORP INC,
118525,EBTC,ENTERPRISE BANCORP INC/MA,
120318,TOWN,TOWNEBANK,
121073,AMBZ,AMERICAN BUSINESS BANK/CA,
125375,JDVB,JD BANCSHARES INC,
125580,SFST,SOUTHERN FIRST BANKSHARES,
128039,PSBQ,PSB HOLDINGS INC/WI,
136265,PACW,PACWEST BANCORP,24045
136844,BOTJ,BANK OF THE JAMES FINANCIAL,
137135,,HSBC BANK CDA,
137351,BHLB,BERKSHIRE HILLS BANCORP INC,
139025,PNFP,PINNACLE FINL PARTNERS INC,
143153,SHBI,SHORE BANCSHARES INC,
147312,BCBP,BCB BANCORP INC,
149618,BANC,BANC OF CALIFORNIA INC,
150279,PFS,PROVIDENT FINANCIAL SVCS INC,
150306,TCBI,TEXAS CAPITAL BANCSHARES INC,
151544,PKBK,PARKE BANCORP INC,
152049,FBMS,FIRST BANCSHARES INC/MS,
153616,EFSI,EAGLE FINANCIAL SERVICES INC,
154499,BORT,BANK OF BOTETOURT BUCHANAN,
157307,ISBA,ISABELLA BANK CORP,
157498,PCB,PCB BANCORP,
158313,BKOR,OAK RIDGE FINANCIAL SERVICES,
158587,TBBK,BANCORP INC,
160423,BWFG,BANKWELL FINANCIAL GROUP INC,
160776,SBNY,SIGNATURE BANK/NY,57053
161023,BCML,BAYCOM CORP,
161793,FDVA,FREEDOM FINANCIAL HLDNGS INC,
162293,INBK,FIRST INTERNET BANCORP,
163667,OTTW,OTTAWA BANCORP INC,
163920,WAL,WESTERN ALLIANCE BANCORP,57512
164365,WSBF,WATERSTONE FINANCIAL INC,
164395,OPBK,OP BANCORP,
164633,HOMB,HOME BANCSHARES INC,
164724,MNSB,MAINSTREET BANCSHARES INC,
165284,FBIZ,FIRST BUSINESS FINL SRV INC,
165630,SSBI,SUMMIT STATE BANK,
170396,CUBI,CUSTOMERS BANCORP INC,
175083,NECB,NORTHEAST COMMUNITY BANCORP,
175607,FRST,PRIMIS FINANCIAL CORP,
176828,CARE,CARTER BANKSHARES INC,
177009,FRBA,FIRST BANK,
177646,FISB,1ST CAP BANCORP,
178545,FFNW,FIRST FINANCIAL NORTHWEST,
178834,NFBK,NORTHFIELD BANCORP INC,
181820,FSBW,FS BANCORP INC,
183247,TBNK,TERRITORIAL BANCORP INC,
184167,FIBK,FIRST INTERSTATE BANCSYSTEM,
185824,BKU,BANKUNITED INC,
186890,JMSB,JOHN MARSHALL BANCORP INC,
187164,HMST,HOMESTREET INC,
187236,MSBI,MIDLAND STATES BANCORP INC,
190963,NBHC,NATIONAL BANK HLDGS CORP,
241366,BCH,BANCO DE CHILE,
260751,NTB,BANK OF NT BUTTERFIELD & SON,
266160,CZWI,CITIZENS COMMUNITY BANCORP,
285333,IFS,INTERCORP FINANCIAL SVCS INC,