﻿gvkey,tic,conm,cert
2002,BPOP,POPULAR INC,34967
2005,BOH,BANK OF HAWAII CORP,18053
2019,BK,BANK OF NEW YORK MELLON CORP,639
2968,JPM,JPMORGAN CHASE & CO,628
3231,CMA,COMERICA INC,983
3238,CBSH,COMMERCE BANCSHARES INC,24998
3643,CFR,CULLEN/FROST BANKERS INC,5510
4640,FITB,FIFTH THIRD BANCORP,6672
4674,RF,REGIONS FINANCIAL CORP,10965
4685,TRMK,TRUSTMARK CORP,4988
4699,MTB,M & T BANK CORP,588
4723,USB,US BANCORP,6548
4737,FHN,FIRST HORIZON CORP,4977
5786,HBAN,HUNTINGTON BANCSHARES,6560
7647,BAC,BANK OF AMERICA CORP,3510
7982,NTRS,NORTHERN TRUST CORP,913
8007,WFC,WELLS FARGO & CO,3511
8245,PNC,PNC FINANCIAL SVCS GROUP INC,6384
9061,HBC2,HSBC USA INC,57890
9783,KEY,KEYCORP,17534
10035,STT,STATE STREET CORP,14
10916,UMBF,UMB FINANCIAL CORP,8273
11687,ZION,ZIONS BANCORPORATION NA,2270
11842,ASB,ASSOCIATED BANC-CORP,5296
11856,TFC,TRUIST FINANCIAL CORP,9846
11861,VLY,VALLEY NATIONAL BANCORP,9396
12035,RBB,RBB BANCORP,58816
12673,BCS,BARCLAYS PLC,57203
13041,SNV,SYNOVUS FINANCIAL CORP,873
14140,SAN,BANCO SANTANDER SA,29950
14172,FULT,FULTON FINANCIAL CORP,7551
14219,CADE,CADENCE BANK,11813
14253,WABC,WESTAMERICA BANCORPORATION,3430
14275,FRC,FIRST REPUBLIC BANK,59017
15181,BBVA,BBVA,
15199,SRCE,1ST SOURCE CORP,9087
15509,HSBC,HSBC HLDGS PLC,57890
15552,DNKEY,DANSKE BANK AS,
15634,NWG,NATWEST GROUP PLC,
15929,LYG,LLOYDS BANKING GROUP PLC,
16271,SABK,SOUTH ATLANTIC BANCSHARES,58689
16549,SFBS,SERVISFIRST BANCSHARES INC,57993
16668,AROW,ARROW FINANCIAL CORP,7074
16705,CPF,CENTRAL PACIFIC FINANCIAL CP,17308
16777,FBNC,FIRST BANCORP/NC,15019
16781,CHCO,CITY HOLDING CO,17735
16790,CBU,COMMUNITY BANK SYSTEM INC,6989
16821,FBP,FIRST BANCORP P R,30387
16829,PCLB,PINNACLE BANCSHARES,29548
16832,GBCI,GLACIER BANCORP INC,30788
16845,FRME,FIRST MERCHANTS CORP,4365
16889,INDB,INDEPENDENT BANK CORP/MA,9712
16890,IBCP,INDEPENDENT BANK CORP/MI,27811
16967,HIFS,HINGHAM INSTN FOR SAVINGS,90211
16981,OFG,OFG BANCORP,31469
16989,PEBK,PEOPLES BANCORP NC INC,5956
17095,ONB,OLD NATIONAL BANCORP,3832
17106,PEBO,PEOPLES BANCORP INC/OH,6544
17120,SIVB,SVB FINANCIAL GROUP,24735
17130,STD2,SANTANDER HOLDINGS USA INC,29950
17132,WSFS,WSFS FINANCIAL CORP,17838
17150,WBS,WEBSTER FINANCIAL CORP,18221
17151,WSBC,WESBANCO INC,803
17184,SBCF,SEACOAST BANKING CORP/FL,131
17195,FFBC,FIRST FINL BANCORP INC/OH,6600
17240,TMP,TOMPKINS FINANCIAL CORP,609
17245,TRST,TRUSTCO BANK CORP/NY,31945
17248,UBSI,UNITED BANKSHARES INC/WV,22858
17367,AMNB,AMERICAN NATL BANKSHARES,6837
17451,IBTX,INDEPENDENT BK GRP INC,3076
17641,BKSC,BANK SOUTH CAROLINA CORP,26912
17659,CCFN,CCFNB BANCORP INC,686
17715,CVLY,CODORUS VALLEY BANCORP,13879
17724,CNOB,CONNECTONE BANCORP INC,57919
17795,CNAF,COMMERCIAL NATL FINL CP/PA,14333
17875,NIC,NICOLET BANKSHARES INC,57038
17877,CHMG,CHEMUNG FINANCIAL CORP,597
18037,CZNC,CITIZENS & NORTHERN CORP,7799
18049,FNB,F N B CORP/FL,7888
18094,FMBL,FARMERS & MERCHANTS BANK/CA,1225
18182,FDBC,FIDELITY D & D BANCORP INC,11868
18241,FCF,FIRST COMMONWLTH FINL CP/PA,7468
18264,FVCB,FVCBANKCORP INC,58696
18276,THFF,FIRST FINANCIAL CORP/IN,4382
18307,FLIC,FIRST LONG ISLAND CORP,7072
18329,BUSE,FIRST BUSEY CORP,16450
18358,FUNC,FIRST UNITED CORP,4857
18434,ALRS,ALERUS FINANCIAL CORP,3931
18533,HBNC,HORIZON BANCORP INC,4360
18732,LKFN,LAKELAND FINANCIAL CORP,13102
19023,NACB,NATIONAL CAPITAL BANK/WA,2093
19094,NBTB,N B T BANCORP INC,7230
19137,OVBC,OHIO VALLEY BANC CORP,384
19159,PWOD,PENNS WOODS BANCORP INC,14359
19262,CTBI,COMMUNITY TRUST BANCORP INC,2720
19318,PRK,PARK NATIONAL CORP,6653
19355,SFNC,SIMMONS FIRST NATL CP  -CL A,3890
19428,GSBC,GREAT SOUTHERN BANCORP,29546
19570,STBA,S & T BANCORP INC,11124
19713,AUB,ATLANTIC UNION BANKSHRS CRP,34589
19817,UVSP,UNIVEST FINANCIAL CORP,7759
19873,WASH,WASHINGTON TR BANCORP INC,23623
20019,CVBF,CVB FINANCIAL CORP,21716
20109,CCBG,CAPITAL CITY BK GROUP INC,9622
20299,LOB,LIVE OAK BANCSHARES INC,58665
20628,ISTR,INVESTAR HOLDING CORP,58316
20677,FFWM,FIRST FOUNDATION INC,58647
21593,CIVB,CIVISTA BANCSHARES INC,12982
21633,VBTX,VERITEX HOLDINGS INC,57665
21815,TFIN,TRIUMPH FINANCIAL INC,1906
21825,CFG,CITIZENS FINANCIAL GROUP INC,57957
22086,IBOC,INTL BANCSHARES CORP,
22717,SYBT,STOCK YARDS BANCORP INC,258
22975,FNWB,FIRST NORTHWEST BANCRP,28405
23060,BHWB,BLACKHAWK BANCORP INC,14078
23450,NRIM,NORTHRIM BANCORP INC,33216
23500,CATY,CATHAY GENERAL BANCORP,18503
24232,HWC,HANCOCK WHITNEY CORP,12441
24447,BOKF,BOK FINANCIAL CORP,4214
24578,SWDBY,SWEDBANK AB,
25173,RNST,RENASANT CORP,12437
4690,FCNCA,FIRST CITIZENS BANCSH  -CL A,11063
25327,PVBC,PROVIDENT BANCORP INC,90141
25376,COLB.1,COLUMBIA BNKING SYS INC -OLD,17266
26071,FCBC,FIRST CMNTY BANCSHARES INC,13012
26179,SMBK,SMARTFINANCIAL INC,58463
26270,STEL,STELLAR BANCORP INC,
26347,EQBK,EQUITY BANCSHARES INC,25858
27111,MCBS,METROCITY BANKSHARES INC,58181
27235,BFST,BUSINESS FIRST BANCSHS INC,58228
27345,BPRN,PRINCETON BANCORP INC,58513
27604,HONE,HARBORONE BANCORP INC,59070
27665,FHB,FIRST HAWAIIAN INC,17985
27672,WCFB,WCF BANCORP INC,28989
27871,FBK,FB FINANCIAL CORP,8663
27945,CSTR,CAPSTAR FINANCIAL HLDGS INC,58823
28022,BANF,BANCFIRST CORP/OK,27476
28155,TCBK,TRICO BANCSHARES,21943
28278,GABC,GERMAN AMERICAN BANCORP INC,17393
28967,QCRH,QCR HOLDINGS INC,57244
29101,FFIN,FIRST FINL BANKSHARES INC,3066
29282,NYCB,NEW YORK CMNTY BANCORP INC,32541
29499,AFBI,AFFINITY BANCSHARES INC,29510
29513,KSBI,KS BANCORP INC,29771
29944,BMBN,BENCHMARK BANKSHARES INC,20484
29946,LARK,LANDMARK BANCORP INC/KS,5826
29994,FMBH,FIRST MID BANCSHARES INC,3705
30218,BSAC,BANCO SANTANDER-CHILE,
30222,ABCB,AMERIS BANCORP,20504
30580,ITUB,ITAU UNIBANCO HLDG SA,
30932,NWBI,NORTHWEST BANCSHARES INC,28178
31265,GNTY,GUARANTY BANCSHARES INC,1208
31368,HAFC,HANMI FINANCIAL CORP,24170
31585,BY,BYLINE BANCORP INC,20624
31606,ESQ,ESQUIRE FINCL HOLD INC,58140
31718,ATLO,AMES NATIONAL CORP,1545
31764,BMRC,BANK OF MARIN BANCORP,32779
31895,BHB,BAR HARBOR BANKSHARES,11971
32238,EFBI,EAGLE FINANCIAL BANCORP,30439
32619,MBIN,MERCHANTS BANCORP,8056
32763,LBC,LUTHER BURBANK CORP,32178
33056,CLBK,COLUMBIA FINANCIAL INC,28834
33131,BWB,BRIDGEWATER BANCSHARES,58210
33459,OBNK,ORIGIN BANCORP,12614
34132,BSVN,BANK7 CORP,4147
34189,CBNK,CAPITAL BANCORP INC,35278
34446,SI,SILVERGATE CAPITAL CORP,27330
35078,RRBI,RED RIVER BANCSHARES INC,34980
35101,SPFI,SOUTH PLAINS FINANCIAL INC,25103
35455,CFB,CROSSFIRST BANKSHARES INC,58648
36633,EBC,EASTERN BANKSHARES INC,32773
38764,BLFY,BLUE FOUNDRY BANCORP,30052
39261,SSBK,SOUTHERN STATES BANCSHAR INC,58558
39902,TCBX,THIRD COAST BANCSHARES INC,58716
39997,NU,NU HOLDINGS LTD,
60953,GTPS,GREAT AMERICAN BANCORP INC,35292
60990,BNCC,BNCCORP INC,57197
61225,FETM,FENTURA FINANCIAL INC,11406
61452,BAP,CREDICORP LTD,
61487,BANR,BANNER CORP,28489
61585,FFIC,FLUSHING FINANCIAL CORP,58564
61693,HTLF,HEARTLAND FINANCIAL USA INC,58458
61796,SOMC,SOUTHERN MICH BANCORP INC,5019
62139,PLBC,PLUMAS BANCORP,23275
62243,UNTY,UNITY BANCORP INC,33503
62654,SASR,SANDY SPRING BANCORP INC,4865
62979,SBSI,SOUTHSIDE BANCSHARES INC,18297
63135,DCOM,DIME COMMUNITY BANCSHARES,6976
63224,CVCY,CENTRAL VALLEY CMNTY BANCORP,23030
63232,OCFC,OCEANFIRST FINANCIAL CORP,28359
63590,BKRIY,BANK OF IRELAND GROUP PLC,
63639,OCN,OCWEN FINANCIAL CORP,
63725,WTBA,WEST BANCORPORATION INC,15614
63781,WTFC,WINTRUST FINANCIAL CORP,33935
64228,UBFO,UNITED SECURITY BANCSHARS CA,27132
64547,SSB,SOUTH STATE CORP,33555
64794,UCBI,UNITED COMMUNITY BANKS INC,16889
64979,PPBI,PACIFIC PREMIER BANCORP INC,32172
65106,OZK,BANK OZK,110
65228,COLB,COLUMBIA BANKING SYSTEM INC,17266
65548,CAC,CAMDEN NATIONAL CORP,4255
65689,MBWM,MERCANTILE BANK CORP,34598
65796,MOFG,MIDWESTONE FINANCIAL GROUP,14843
66155,NWFL,NORWOOD FINANCIAL CORP,698
66210,LCNB,LCNB CORP,6623
66235,HOPE,HOPE BANCORP INC,26610
66285,HFWA,HERITAGE FINANCIAL CORP,29012
66288,MPB,MID PENN BANCORP INC,9889
66336,TSBA,TOUCHSTONE BANKSHARES INC,6139
66453,COFS,CHOICEONE FINANCIAL SERVICES,1014
66504,CBAN,COLONY BANKCORP INC,22257
66597,FUSB,FIRST US BANCSHARES INC,17077
105547,BCS1,BARCLAYS BANK PLC,57203
105616,BRBS,BLUE RIDGE BANKSHARES INC,35274
105670,BRKL,BROOKLINE BANCORP INC,17798
107325,MCBC,MACATAWA BANK CORP,34618
107817,PGC,PEAPACK-GLADSTONE FINAN CORP,11035
108979,FGBI,FIRST GUARANTY BANCSHARES,14028
109599,HTBK,HERITAGE COMMERCE CORP,33905
109621,LBAI,LAKELAND BANCORP INC,19953
109659,TCFC,COMMUNITY FINANCIAL CORP,30903
110250,SMMF,SUMMIT FINANCIAL GROUP INC,34102
110979,CATC,CAMBRIDGE BANCORP,8152
111527,CZBT,CITIZENS BANCORP VA INC,823
111721,EGBN,EAGLE BANCORP INC/MD,34742
111819,ORRF,ORRSTOWN FINANCIAL SVCS INC,713
111940,FNLC,FIRST BANCORP INC/ME,4256
112572,FMAO,FARMERS & MERCHANTS BCP/OH,5969
113093,SAL,SALISBURY BANCORP INC,18467
115876,PB,PROSPERITY BANCSHARES INC,16835
116675,OBT,ORANGE COUNTY BANCORP INC,12944
117018,CFBK,CF BANKSHARES INC,28263
117141,EFSC,ENTERPRISE FINL SERVICES CP,27237
118042,EWBC,EAST WEST BANCORP INC,31628
118525,EBTC,ENTERPRISE BANCORP INC/MA,27408
120318,TOWN,TOWNEBANK,35095
121073,AMBZ,AMERICAN BUSINESS BANK/CA,34788
125375,JDVB,JD BANCSHARES INC,16546
125580,SFST,SOUTHERN FIRST BANKSHARES,35295
128039,PSBQ,PSB HOLDINGS INC/WI,18569
136265,PACW,PACWEST BANCORP,24045
136844,BOTJ,BANK OF THE JAMES FINANCIAL,35207
137351,BHLB,BERKSHIRE HILLS BANCORP INC,23621
139025,PNFP,PINNACLE FINL PARTNERS INC,35583
143153,SHBI,SHORE BANCSHARES INC,4832
147312,BCBP,BCB BANCORP INC,35541
149618,BANC,BANC OF CALIFORNIA INC,35498
150279,PFS,PROVIDENT FINANCIAL SVCS INC,12010
150306,TCBI,TEXAS CAPITAL BANCSHARES INC,34383
151544,PKBK,PARKE BANCORP INC,34888
152049,FBMS,FIRST BANCSHARES INC/MS,34217
153616,EFSI,EAGLE FINANCIAL SERVICES INC,6123
154499,BORT,BANK OF BOTETOURT BUCHANAN,6137
157307,ISBA,ISABELLA BANK CORP,1005
157498,PCB,PCB BANCORP,57463
158313,BKOR,OAK RIDGE FINANCIAL SERVICES,35365
158587,TBBK,BANCORP INC,35444
160423,BWFG,BANKWELL FINANCIAL GROUP INC,57368
160776,SBNY,SIGNATURE BANK/NY,57053
161023,BCML,BAYCOM CORP,57716
161793,FDVA,FREEDOM FINANCIAL HLDNGS INC,57184
162293,INBK,FIRST INTERNET BANCORP,34607
163667,OTTW,OTTAWA BANCORP INC,27989
163920,WAL,WESTERN ALLIANCE BANCORP,57512
164365,WSBF,WATERSTONE FINANCIAL INC,28513
164395,OPBK,OP BANCORP,57944
164633,HOMB,HOME BANCSHARES INC,11241
164724,MNSB,MAINSTREET BANCSHARES INC,57742
165284,FBIZ,FIRST BUSINESS FINL SRV INC,15229
165630,SSBI,SUMMIT STATE BANK,32203
170396,CUBI,CUSTOMERS BANCORP INC,34444
175083,NECB,NORTHEAST COMMUNITY BANCORP,29147
175607,FRST,PRIMIS FINANCIAL CORP,57968
176828,CARE,CARTER BANKSHARES INC,58596
177009,FRBA,FIRST BANK,58481
177646,FISB,1ST CAP BANCORP,58485
178545,FFNW,FIRST FINANCIAL NORTHWEST,29058
178834,NFBK,NORTHFIELD BANCORP INC,28710
181820,FSBW,FS BANCORP INC,57633
183247,TBNK,TERRITORIAL BANCORP INC,30836
184167,FIBK,FIRST INTERSTATE BANCSYSTEM,1105
185824,BKU,BANKUNITED INC,58979
186890,JMSB,JOHN MARSHALL BANCORP INC,58243
187164,HMST,HOMESTREET INC,32489
187236,MSBI,MIDLAND STATES BANCORP INC,1040
190963,NBHC,NATIONAL BANK HLDGS CORP,59052
241366,BCH,BANCO DE CHILE,
260751,NTB,BANK OF NT BUTTERFIELD & SON,
266160,CZWI,CITIZENS COMMUNITY BANCORP,57265
285333,IFS,INTERCORP FINANCIAL SVCS INC,27210
,,,
,,,
,,,
,,,
,,,
,,,
,,,
,,,
,,,
,,,
,,,
,,,
,,,
,,,
,,,
,,,
,,,
,,,
,,,
,,,
,,,
,,,
,,,
,,,
,,,
,,,
,,,
,,,
,,,
,,,
,,,
,,,
,,,
,,,
,,,
,,,
,,,
,,,
,,,
,,,
,,,
,,,
,,,
,,,
,,,
,,,
,,,
,,,
,,,
,,,
,,,
,,,
,,,
,,,
,,,
,,,
,,,
,,,
,,,
,,,
,,,
,,,
,,,
,,,
,,,
,,,
,,,
,,,
,,,
,,,
,,,
,,,
,,,
,,,
,,,
,,,
,,,
,,,
,,,
,,,
,,,
,,,
,,,
,,,
,,,
,,,
,,,
,,,
,,,
,,,
,,,
,,,
,,,
,,,
,,,
,,,
,,,
,,,
,,,
,,,
,,,
,,,
,,,
,,,
,,,
,,,
,,,
,,,
,,,
,,,
,,,
,,,
,,,
,,,
,,,
,,,
,,,
,,,
,,,
,,,
,,,
,,,
,,,
,,,
,,,
,,,
,,,
,,,
,,,
,,,
,,,
,,,
,,,
,,,
,,,
,,,
,,,
,,,
,,,
,,,
,,,
,,,
,,,
,,,
,,,
,,,
,,,
,,,
,,,
,,,
,,,
,,,
,,,
,,,
,,,
,,,
,,,
,,,
,,,
,,,
,,,
,,,
,,,
,,,
,,,
,,,
,,,
,,,
,,,
,,,
,,,
,,,
,,,
,,,
,,,
,,,
,,,
,,,
,,,
,,,
,,,
,,,
,,,
,,,
,,,
,,,
,,,
,,,
,,,
,,,
,,,
,,,
,,,
,,,
,,,
,,,
,,,
,,,
,,,
,,,
,,,
,,,
,,,
,,,
,,,
,,,
,,,
,,,
,,,
,,,
,,,
,,,
,,,
,,,
,,,
,,,
,,,
,,,
,,,
,,,
,,,
,,,
,,,
,,,
,,,
,,,
,,,
,,,
,,,
,,,
,,,
,,,
,,,
,,,
,,,
,,,
,,,
,,,
,,,
,,,
,,,
,,,
,,,
,,,
,,,
,,,
,,,
,,,
,,,
,,,
,,,
,,,
,,,
,,,
,,,
,,,
,,,
,,,
,,,
,,,
,,,
,,,
,,,
,,,
,,,
,,,
,,,
,,,
,,,
,,,
,,,
,,,
,,,
,,,
,,,
,,,
,,,
,,,
,,,
,,,
,,,
,,,
,,,
,,,
,,,
,,,
,,,
,,,
,,,
,,,
,,,
,,,
,,,
,,,
,,,
,,,
,,,
,,,
,,,
,,,
,,,
,,,
,,,
,,,
,,,
,,,
,,,
,,,
,,,
,,,
,,,
,,,
,,,
,,,
,,,
,,,
,,,
,,,
,,,
,,,
,,,
,,,
,,,
,,,
,,,
,,,
,,,
,,,
,,,
,,,
,,,
,,,
,,,
,,,
,,,
,,,
,,,
,,,
,,,
,,,
,,,
,,,
,,,
,,,
,,,
,,,
,,,
,,,
,,,
,,,
,,,
,,,
,,,
,,,
,,,
,,,
,,,
,,,
,,,
,,,
,,,
,,,
,,,
,,,
,,,
,,,
,,,
,,,
,,,
,,,
,,,
,,,
,,,
,,,
,,,
,,,
,,,
,,,
,,,
,,,
,,,
,,,
,,,
,,,
,,,
,,,
,,,
,,,
,,,
,,,
,,,
,,,
,,,
,,,
,,,
,,,
,,,
,,,
,,,
,,,
,,,
,,,
,,,
,,,
,,,
,,,
,,,
,,,
,,,
,,,
,,,
,,,
,,,
,,,
,,,
,,,
,,,
,,,
,,,
,,,
,,,
,,,
,,,
,,,
,,,
,,,
,,,
,,,
,,,
,,,
,,,
,,,
,,,
,,,
,,,
,,,
,,,
,,,
,,,
,,,
,,,
,,,
,,,
,,,
,,,
,,,
,,,
,,,
,,,
,,,
,,,
,,,
,,,
,,,
,,,
,,,
,,,
,,,
,,,
,,,
,,,
,,,
,,,
,,,
,,,
,,,
,,,
,,,
,,,
,,,
,,,
,,,
,,,
,,,
,,,
,,,
,,,
,,,
,,,
,,,
,,,
,,,
,,,
,,,
,,,
,,,
,,,
,,,
,,,
,,,
,,,
,,,
,,,
,,,
,,,
,,,
,,,
,,,
,,,
,,,
,,,
,,,
,,,
,,,
,,,
,,,
,,,
,,,
,,,
,,,
,,,
,,,
,,,
,,,
,,,
,,,
,,,
,,,
,,,
,,,
,,,
,,,
,,,
,,,
,,,
,,,
,,,
,,,
,,,
,,,
,,,
,,,
,,,
,,,
,,,
,,,
,,,
,,,
,,,
,,,
,,,
,,,
,,,
,,,
,,,
,,,
,,,
,,,
,,,
,,,
,,,
,,,
,,,
,,,
,,,
,,,
,,,
,,,
,,,
,,,
,,,
,,,
,,,
,,,
,,,
,,,
,,,
,,,
,,,
,,,
,,,
,,,
,,,
,,,
,,,
,,,
,,,
,,,
,,,
,,,
,,,
,,,
,,,
,,,
,,,
,,,
,,,
,,,
,,,
,,,
,,,
,,,
,,,
,,,
,,,
,,,
,,,
,,,
,,,
,,,
,,,
,,,
,,,
,,,
,,,
,,,
,,,
,,,
,,,
,,,
,,,
,,,
,,,
,,,
,,,
,,,
,,,
,,,
,,,
,,,
,,,
,,,
,,,
,,,
,,,
,,,
,,,
,,,
,,,
,,,
,,,
,,,
,,,
,,,
,,,
,,,
,,,
,,,
,,,
,,,
,,,
,,,
,,,
,,,
,,,
,,,
,,,
,,,
,,,
,,,
,,,
,,,
,,,
,,,
,,,
,,,
,,,
,,,
,,,
,,,
,,,
,,,
,,,
,,,
,,,
,,,
,,,
,,,
,,,
,,,
,,,
,,,
,,,
,,,
,,,
,,,
,,,
,,,
,,,
,,,
,,,
,,,
,,,
,,,
,,,
,,,
,,,
,,,
,,,
,,,
,,,
,,,
,,,
,,,
,,,
,,,
,,,
,,,
,,,
,,,
,,,
,,,
,,,
,,,
,,,
,,,
,,,
,,,