PERMNO,date,TICKER,COMNAM,PERMCO
59176,2022-12-30,AXP,AMERICAN EXPRESS CO,90
66800,2022-12-30,AIG,AMERICAN INTERNATIONAL GROUP INC,137
15318,2022-12-30,ASB,ASSOCIATED BANC CORP,362
16505,2022-12-30,BPOP,POPULAR INC,475
16548,2022-12-30,BOH,BANK OF HAWAII CORP,589
25129,2022-12-30,CBSH,COMMERCE BANCSHARES INC,779
20053,2022-12-30,SNV,SYNOVUS FINANCIAL CORP,781
27888,2022-12-30,CFR,CULLEN FROST BANKERS INC,840
25081,2022-12-30,CMA,COMERICA INC,1261
35044,2022-12-30,RF,REGIONS FINANCIAL CORP NEW,1620
66157,2022-12-30,USB,U S BANCORP DEL,1645
35263,2022-12-30,TRMK,TRUSTMARK CORP,1658
35554,2022-12-30,MTB,M & T BANK CORP,1689
34746,2022-12-30,FITB,FIFTH THIRD BANCORP,1741
36397,2022-12-30,FHN,FIRST HORIZON CORP,1856
15070,2022-12-30,AROW,ARROW FINANCIAL CORP,1940
42906,2022-12-30,HBAN,HUNTINGTON BANCSHARES INC,2093
82107,2022-12-30,WABC,WESTAMERICA BANCORPORATION,2253
64995,2022-12-30,KEY,KEYCORP NEW,2535
59408,2022-12-30,BAC,BANK OF AMERICA CORP,3151
58246,2022-12-30,NTRS,NORTHERN TRUST CORP,3275
60442,2022-12-30,PNC,P N C FINANCIAL SERVICES GRP INC,3685
68196,2022-12-30,SEIC,S E I INVESTMENTS CO,4040
71563,2022-12-30,TFC,TRUIST FINANCIAL CORP,4163
72726,2022-12-30,STT,STATE STREET CORP,4260
78829,2022-12-30,UMBF,U M B FINANCIAL CORP,4673
80072,2022-12-30,VLY,VALLEY NATIONAL BANCORP,4818
84129,2022-12-30,ZION,ZIONS BANCORPORATION N A,5057
88197,2022-12-30,FULT,FULTON FINANCIAL CORP PA,5440
81577,2022-12-30,WAFD,WASHINGTON FEDERAL INC,5679
20395,2022-12-30,CVBF,C V B FINANCIAL CORP,5856
77519,2022-12-30,TRST,TRUSTCO BANK CORP NY,5926
69649,2022-12-30,RJF,RAYMOND JAMES FINANCIAL INC,6137
72996,2022-12-30,SF,STIFEL FINANCIAL CORP,6185
36346,2022-12-30,SRCE,1ST SOURCE CORP,6281
37584,2022-12-30,BEN,FRANKLIN RESOURCES INC,6407
35685,2022-12-30,FFBC,FIRST FINANCIAL BANCORP OHIO,6736
69586,2022-12-30,SBCF,SEACOAST BANKING CORP FLA,6827
87952,2022-12-30,GBCI,GLACIER BANCORP INC NEW,6944
12068,2022-12-30,ONB,OLD NATIONAL BANCORP,7067
92807,2022-12-30,ASRV,AMERISERV FINANCIAL INC,7407
91855,2022-12-30,SFNC,SIMMONS 1ST NATIONAL CORP,7460
88912,2022-12-30,IBCP,INDEPENDENT BANK CORP MICH,7720
85789,2022-12-30,CADE,CADENCE BANK,7784
90983,2022-12-30,PEBK,PEOPLES BANCORP NC INC NEW,7788
86896,2022-12-30,CBU,COMMUNITY BANK SYSTEM INC,7871
10138,2022-12-30,TROW,T ROWE PRICE GROUP INC,8087
10252,2022-12-30,INDB,INDEPENDENT BANK CORP MA,8179
10308,2022-12-30,TMP,TOMPKINS FINANCIAL CORP,8228
10629,2022-12-30,FNB,F N B CORP PA,8534
10777,2022-12-30,FCNCA,FIRST CITIZENS BANCSHARES INC NC,8674
10781,2022-12-30,BKSC,BANK SOUTH CAROLINA CORP,8677
10892,2022-12-30,WSFS,WSFS FINANCIAL CORP,8766
10932,2022-12-30,WBS,WEBSTER FINANCIAL CORP,8810
11006,2022-12-30,FLIC,FIRST LONG ISLAND CORP,8879
11018,2022-12-30,FBP,FIRST BANCORP P R,8889
11208,2022-12-30,OFG,O F G BANCORP,9058
11285,2022-12-30,FBNC,FIRST BANCORP NC,9141
11293,2022-12-30,WSBC,WESBANCO INC,9147
11369,2022-12-30,UBSI,UNITED BANKSHARES INC,9213
11397,2022-12-30,WASH,WASHINGTON TRUST BANCORP INC,9239
11442,2022-12-30,CHCO,CITY HOLDING CO,9280
11565,2022-12-30,HBNC,HORIZON BANCORP INC,9389
75556,2022-12-30,NBN,NORTHEAST BANK,9438
11628,2022-12-30,CPF,CENTRAL PACIFIC FINANCIAL CORP,9449
11786,2022-12-30,SIVB,S V B FINANCIAL GROUP,9588
11844,2022-12-30,CTBI,COMMUNITY TRUST BANCORP INC,9645
12166,2022-12-30,FRBK,REPUBLIC FIRST BANCORP INC,9999
12189,2022-12-30,HIFS,HINGHAM INSTITUTION FOR SVGS MA,10039
75605,2022-12-30,FRME,FIRST MERCHANTS CORP,10218
75906,2022-12-30,GSBC,GREAT SOUTHERN BANCORP INC,10421
76266,2022-12-30,PRK,PARK NATIONAL CORP,10743
76504,2022-12-30,CATY,CATHAY GENERAL BANCORP,10805
76684,2022-12-30,HWC,HANCOCK WHITNEY CORP,10954
76892,2022-12-30,BOKF,B O K FINANCIAL CORP,11106
77379,2022-12-30,THFF,FIRST FINANCIAL CORP IN,11371
77415,2022-12-30,NBTB,N B T BANCORP INC,11403
77526,2022-12-30,RNST,RENASANT CORP,11479
77528,2022-12-30,STBA,S & T BANCORP INC,11480
77679,2022-12-30,COLB,COLUMBIA BANKING SYSTEM INC,11576
77889,2022-12-30,FUNC,FIRST UNITED CORP,11691
78903,2022-12-30,PEBO,PEOPLES BANCORP INC,11950
79019,2022-12-30,UBCP,UNITED BANCORP INC OH,11981
79013,2022-12-30,SYBT,STOCK YARDS BANCORP INC,12038
79072,2022-12-30,BANF,BANCFIRST CORP,12058
79116,2022-12-30,TCBK,TRICO BANCSHARES,12086
79166,2022-12-30,GABC,GERMAN AMERICAN BANCORP INC,12139
79382,2022-12-30,PFC,PREMIER FINANCIAL CORP,12289
79571,2022-12-30,CASH,PATHWARD FINANCIAL INC,12412
79747,2022-12-30,AUB,ATLANTIC UNION BANKSHARES CORP,12461
79731,2022-12-30,QCRH,Q C R HOLDINGS INC,12462
79734,2022-12-30,RVSB,RIVERVIEW BANCORP INC,12503
79824,2022-12-30,FFIN,FIRST FINANCIAL BANKSHARES INC,12525
79851,2022-12-30,OSBC,OLD SECOND BANCORP INC,12561
79859,2022-12-30,NYCB,NEW YORK COMMUNITY BANCORP INC,12608
80336,2022-12-30,LARK,LANDMARK BANCORP INC,12951
80478,2022-12-30,SMBC,SOUTHERN MISSOURI BANCORP INC,12994
80498,2022-12-30,ABCB,AMERIS BANCORP,13092
80633,2022-12-30,HMNF,H M N FINANCIAL INC,13187
80837,2022-12-30,PNBK,PATRIOT NATIONAL BANCORP INC,13294
80960,2022-12-30,CARV,CARVER BANCORP INC,13396
81095,2022-12-30,NWBI,NORTHWEST BANCSHARES INC,13413
82251,2022-12-30,AUBN,AUBURN NATIONAL BANCORP,13966
82575,2022-12-30,BANR,BANNER CORP,14091
82573,2022-12-30,FFIC,FLUSHING FINANCIAL CORP,14157
82812,2022-12-30,BYFC,BROADWAY FINANCIAL CORP DEL,14283
83155,2022-12-30,OVBC,OHIO VALLEY BANC CORP,14355
83414,2022-12-30,SASR,SANDY SPRING BANCORP INC,14531
83642,2022-12-30,CNOB,CONNECTONE BANCORP INC NEW,14751
83683,2022-12-30,PROV,PROVIDENT FINANCIAL HOLDINGS INC,14778
83738,2022-12-30,CASS,CASS INFORMATION SYSTEMS INC,14781
83774,2022-12-30,OCFC,OCEANFIRST FINANCIAL CORP,14795
84215,2022-12-30,CWBC,COMMUNITY WEST BANCSHARES,15152
84516,2022-12-30,CCBG,CAPITAL CITY BANK GROUP,15307
84636,2022-12-30,WTFC,WINTRUST FINANCIAL CORP,15385
84725,2022-12-30,CVLY,CODORUS VALLEY BANCORP INC,15450
84825,2022-12-30,PBHC,PATHFINDER BANCORP INC MD,15490
85020,2022-12-30,PPBI,PACIFIC PREMIER BANCORP INC,15547
85198,2022-12-30,OZK,BANK O Z K,15596
85299,2022-12-30,LKFN,LAKELAND FINANCIAL CORP,15657
85731,2022-12-30,HFWA,HERITAGE FINANCIAL CORP WA,15918
85751,2022-12-30,TSBK,TIMBERLAND BANCORP INC,15921
85725,2022-12-30,CFFI,C & F FINANCIAL CORP,15926
85741,2022-12-30,HOPE,HOPE BANCORP INC,15933
85883,2022-12-30,NWFL,NORWOOD FINANCIAL CORP,15993
85860,2022-12-30,BRKL,BROOKLINE BANCORP INC,16026
86004,2022-12-30,UMPQ,UMPQUA HOLDINGS CORP,16035
85966,2022-12-30,CBAN,COLONY BANKCORP INC,16037
86091,2022-12-30,SBSI,SOUTHSIDE BANCSHARES INC,16107
86067,2022-12-30,GNTY,GUARANTY BANCSHARES INC,16115
86287,2022-12-30,RBCAA,REPUBLIC BANCORP INC KY,16222
86382,2022-12-30,BUSE,FIRST BUSEY CORP,16290
86384,2022-12-30,CCNE,C N B FINANCIAL CORP PA,16300
86432,2022-12-30,PB,PROSPERITY BANCSHARES INC,16313
86526,2022-12-30,CFBK,C F BANKSHARES INC,16365
86573,2022-12-30,FCAP,FIRST CAPITAL INC,16367
86719,2022-12-30,EWBC,EAST WEST BANCORP INC,16402
86820,2022-12-30,CFFN,CAPITOL FEDERAL FINANCIAL INC,16457
86814,2022-12-30,AMNB,AMERICAN NATIONAL BANKSHARES INC,16487
87014,2022-12-30,BSRR,SIERRA BANCORP,16578
86965,2022-12-30,FISI,FINANCIAL INSTITUTIONS INC,16609
87069,2022-12-30,GCBC,GREENE COUNTY BANCORP INC,16640
87067,2022-12-30,FNLC,FIRST BANCORP INC ME,16649
87318,2022-12-30,EGBN,EAGLE BANCORP INC,17183
87505,2022-12-30,NKSH,NATIONAL BANKSHARES INC,17469
87501,2022-12-30,MCBC,MACATAWA BANK CORP,17665
87476,2022-12-30,BMRC,BANK OF MARIN BANCORP,17669
87614,2022-12-30,LBAI,LAKELAND BANCORP INC,18304
49656,2022-12-30,BK,BANK OF NEW YORK MELLON CORP,20265
47896,2022-12-30,JPM,JPMORGAN CHASE & CO,20436
70519,2022-12-30,C,CITIGROUP INC,20483
69032,2022-12-30,MS,MORGAN STANLEY DEAN WITTER & CO,21224
38703,2022-12-30,WFC,WELLS FARGO & CO NEW,21305
75186,2022-12-30,SCHW,SCHWAB CHARLES CORP NEW,21578
76529,2022-12-30,NRIM,NORTHRIM BANCORP INC,28947
77643,2022-12-30,FCF,FIRST COMMONWEALTH FINANCIAL COR,29505
81055,2022-12-30,COF,CAPITAL ONE FINANCIAL CORP,30513
82639,2022-12-30,IMH,IMPAC MORTGAGE HOLDINGS INC,31194
85875,2022-12-30,IBOC,INTERNATIONAL BANCSHARES CORP,31854
84389,2022-12-30,SSB,SOUTHSTATE CORP,31896
84397,2022-12-30,UNTY,UNITY BANCORP INC,31907
85332,2022-12-30,BHB,BAR HARBOR BANKSHARES,32069
85418,2022-12-30,CAC,CAMDEN NATIONAL CORP,32101
85653,2022-12-30,AAIC,ARLINGTON ASSET INVESTMENT CORP,32183
85656,2022-12-30,MPB,MID PENN BANCORP INC,32185
89202,2022-12-30,SBFG,S B FINANCIAL GROUP INC,33945
86302,2022-12-30,HTBK,HERITAGE COMMERCE CORP,34846
86312,2022-12-30,SAL,SALISBURY BANCORP INC,34857
86868,2022-12-30,GS,GOLDMAN SACHS GROUP INC,35048
87114,2022-12-30,MBWM,MERCANTILE BANK CORP,35205
87269,2022-12-30,CIZN,CITIZENS HOLDING CO,36338
87842,2022-12-30,MET,METLIFE INC,37138
88183,2022-12-30,OPOF,OLD POINT FINL CORP,37177
88280,2022-12-30,BHLB,BERKSHIRE HILLS BANCORP INC,37659
88341,2022-12-30,HWBK,HAWTHORN BANCSHARES INC,37716
88343,2022-12-30,PACW,PACWEST BANCORP DE,37718
88384,2022-12-30,FUSB,FIRST U S BANCSHARES INC,37750
88820,2022-12-30,PGC,PEAPACK GLADSTONE FINANCIAL CORP,41007
88865,2022-12-30,HAFC,HANMI FINANCIAL CORP,41159
88944,2022-12-30,FCBC,FIRST COMMUNITY BANCSHARES INC,41388
88965,2022-12-30,CIVB,CIVISTA BANCSHARES INC,41460
88970,2022-12-30,SHBI,SHORE BANCSHARES INC,41464
88984,2022-12-30,UBFO,UNITED SECURITY BANKSHARES,41564
89022,2022-12-30,GLBZ,GLEN BURNIE BANCORP,41698
89038,2022-12-30,EVBN,EVANS BANCORP INC,41815
89195,2022-12-30,PFG,PRINCIPAL FINANCIAL GROUP INC,42285
89211,2022-12-30,PWOD,PENNS WOODS BANCORP INC,42396
89262,2022-12-30,WNEB,WESTERN NEW ENGLAND BANCORP INC,42533
89279,2022-12-30,UNB,UNION BANKSHARES INC,42549
89323,2022-12-30,UCBI,UNITED COMMUNITY BANKS INC GA,42912
89395,2022-12-30,PNFP,PINNACLE FINANCIAL PARTNERS INC,43147
89425,2022-12-30,WTBA,WEST BANCORPORATION INC,43261
89482,2022-12-30,BANC,BANC OF CALIFORNIA INC,43449
89573,2022-12-30,PKBK,PARKE BANCORP INC,43689
89576,2022-12-30,VBFC,VILLAGE BANK AND TRUST FINL CORP,43692
89643,2022-12-30,FCCO,FIRST COMMUNITY CORP SC,43845
89653,2022-12-30,PFS,PROVIDENT FINANCIAL SVCS INC,43857
89736,2022-12-30,HTLF,HEARTLAND FINANCIAL USA INC,44055
89741,2022-12-30,OPHC,OPTIMUMBANK HOLDINGS INC,44059
89826,2022-12-30,TCBI,TEXAS CAPITAL BANCSHARES INC,44292
89828,2022-12-30,UVSP,UNIVEST FINANCIAL CORP,44293
90490,2022-12-30,TBBK,BANCORP INC,44891
90037,2022-12-30,HTH,HILLTOP HOLDINGS INC,44892
90082,2022-12-30,CVCY,CENTRAL VALLEY COMM BANCORP,44995
90090,2022-12-30,SBNY,SIGNATURE BANK NEW YORK N Y,44999
90358,2022-12-30,SFST,SOUTHERN FIRST BANCSHARES INC,45559
90470,2022-12-30,ATLO,AMES NATL CORP,45993
90534,2022-12-30,CZNC,CITIZENS & NORTHERN CORP,46103
90544,2022-12-30,SMMF,SUMMIT FINANCIAL GROUP INC,46112
90590,2022-12-30,EBTC,ENTERPRISE BANCORP INC,46272
90591,2022-12-30,EFSC,ENTERPRISE FINANCIAL SVCS CORP,46273
90600,2022-12-30,KRNY,KEARNY FINANCIAL CORP NEW,46281
90603,2022-12-30,PFBC,PREFERRED BANK LOS ANGELES,46284
90634,2022-12-30,AX,AXOS FINANCIAL INC,46441
90636,2022-12-30,KFFB,KENTUCKY FIRST FEDERAL BANCORP,46443
90710,2022-12-30,PLBC,PLUMAS BANCORP,46694
90718,2022-12-30,BFIN,BANKFINACIAL CORP,46844
90776,2022-12-30,WAL,WESTERN ALLIANCE BANCORPORATION,46890
90880,2022-12-30,AMP,AMERIPRISE FINANCIAL INC,47422
90949,2022-12-30,FBIZ,FIRST BUSINESS FINL SVCS INC,47877
90961,2022-12-30,WSBF,WATERSTONE FINANCIAL INC NEW,47887
91015,2022-12-30,BCBP,B C B BANCORP INC,49991
91083,2022-12-30,MGYR,MAGYAR BANCORP INC,50202
91176,2022-12-30,LSBK,LAKE SHORE BANCORP INC,50594
91274,2022-12-30,FBMS,FIRST BANCSHARES INC MS,50731
91356,2022-12-30,HOMB,HOME BANCSHARES INC,50861
21746,2022-12-30,NECB,NORTHEAST CMNTY BANCORP INC MD,50976
91408,2022-12-30,SSBI,SUMMIT STATE BANK,50979
91472,2022-12-30,LMST,LIMESTONE BANCORP INC,51209
91609,2022-12-30,CZWI,CITIZENS CMNTY BANCORP INC MD,51445
91622,2022-12-30,FRST,PRIMIS FINANCIAL CORP,51457
91959,2022-12-30,ESSA,E S S A BANCORP INC,52134
91968,2022-12-30,TFSL,TFS FINANCIAL CORP,52142
92121,2022-12-30,DFS,DISCOVER FINANCIAL SERVICES,52396
92303,2022-12-30,FFNW,FIRST FINANCIAL NORTHWEST INC,52773
92318,2022-12-30,TOWN,TOWNEBANK,52785
92443,2022-12-30,NFBK,NORTHFIELD BANCORP INC DE,52863
92593,2022-12-30,MOFG,MIDWESTONE FINANCIAL GRP INC NEW,52970
92685,2022-12-30,MLVF,MALVERN BANCORP INC,53026
92716,2022-12-30,DCOM,DIME COMMUNITY BANCSHRS INC NEW,53043
92809,2022-12-30,FSFG,FIRST SAVINGS FINANCIAL GRP INC,53097
92810,2022-12-30,HBCP,HOME BANCORP INC,53098
92878,2022-12-30,OVLY,OAK VALLEY BANCORP,53116
92919,2022-12-30,ORRF,ORRSTOWN FINANCIAL SERVICES INC,53141
92987,2022-12-30,TBNK,TERRITORIAL BANCORP INC,53187
93131,2022-12-30,EMCF,EMCLAIRE FINANCIAL CORP,53285
93304,2022-12-30,FIBK,FIRST INTERSTATE BANCSYSTEM INC,53368
93368,2022-12-30,EBMT,EAGLE BANCORP MONTANA INC,53402
93374,2022-12-30,FAF,FIRST AMERICAN FINL CORP NEW,53407
12448,2022-12-30,FRC,FIRST REPUBLIC BANK S F NEW,53609
12480,2022-12-30,ACNB,A C N B CORP,53624
12487,2022-12-30,HFBL,HOME FEDERAL BANCORP INC LA,53628
12515,2022-12-30,BKU,BANKUNITED INC,53647
14558,2022-12-30,ALLY,ALLY FINANCIAL INC,53687
12920,2022-12-30,IROQ,I F BANCORP INC,53847
13006,2022-12-30,FMNB,FARMERS NATIONAL BANC CORP,53882
13007,2022-12-30,LCNB,L C N B CORP,53883
13198,2022-12-30,BOTJ,BANK OF JAMES FINL GROUP INC,53976
13278,2022-12-30,HMST,HOMESTREET INC,54001
13534,2022-12-30,HTBI,HOMETRUST BANCSHARES INC,54151
13561,2022-12-30,SFBC,SOUND FINANCIAL BANCORP INC,54169
13579,2022-12-30,NBHC,NATIONAL BANK HOLDINGS CORP,54180
13694,2022-12-30,CHMG,CHEMUNG FINANCIAL CORP,54270
13797,2022-12-30,INBK,FIRST INTERNET BANCORP,54332
13877,2022-12-30,IBTX,INDEPENDENT BANK GROUP INC,54377
13921,2022-12-30,CUBI,CUSTOMERS BANCORP INC,54408
14175,2022-12-30,TCFC,COMMUNITY FINANCIAL CORP MD,54567
14310,2022-12-30,FRBA,FIRST BANK,54651
14604,2022-12-30,PFIS,PEOPLES FINANCIAL SERVICES CORP,54827
14650,2022-12-30,BWFG,BANKWELL FINANCIAL GROUP INC,54858
14653,2022-12-30,FMBH,FIRST MID BANCSHARES INC,54861
14670,2022-12-30,SFBS,SERVISFIRST BANCSHARES INC,54870
14776,2022-12-30,SYF,SYNCHRONY FINANCIAL,54936
14810,2022-12-30,ISTR,INVESTAR HOLDING CORP,54959
14889,2022-12-30,CFG,CITIZENS FINANCIAL GROUP INC,55006
14932,2022-12-30,MBCN,MIDDLEFIELD BANC CORP,55027
14943,2022-12-30,CBFV,C B FINANCIAL SERVICES INC,55036
15022,2022-12-30,VBTX,VERITEX HOLDINGS INC,55085
15064,2022-12-30,FFWM,FIRST FOUNDATION INC,55109
15084,2022-12-30,TFIN,TRIUMPH FINANCIAL INC,55123
15178,2022-12-30,FNWB,FIRST NORTHWEST BANCORP,55170
15527,2022-12-30,LOB,LIVE OAK BANCSHARES INC,55361
15539,2022-12-30,PVBC,PROVIDENT BANCORP INC MD,55368
15838,2022-12-30,EQBK,EQUITY BANCSHARES INC,55480
15840,2022-12-30,FGBI,FIRST GUARANTY BANCSHARES INC,55481
15906,2022-12-30,SMBK,SMARTFINANCIAL INC,55508
15948,2022-12-30,NIC,NICOLET BANKSHARES INC,55525
16063,2022-12-30,MSBI,MIDLAND STATES BANCORP INC,55567
16097,2022-12-30,HONE,HARBORONE BANCORP INC NEW,55587
16253,2022-12-30,FHB,FIRST HAWAIIAN INC,55670
16285,2022-12-30,CSTR,CAPSTAR FINANCIAL HOLDINGS INC,55691
16319,2022-12-30,FBK,F B FINANCIAL CORP,55705
16676,2022-12-30,PCSB,PCSB FINANCIAL CORP,55919
16703,2022-12-30,FMAO,FARMERS & MERCHANTS BANCORP INC,55935
16756,2022-12-30,BY,BYLINE BANCORP INC,55968
16784,2022-12-30,ESQ,ESQUIRE FINANCIAL HOLDINGS,55987
16828,2022-12-30,RBB,R B B BANCORP,56013
16853,2022-12-30,BPRN,BANK OF PRINCETON,56029
16976,2022-12-30,CATC,CAMBRIDGE BANCORP,56091
16982,2022-12-30,FDBC,FIDELITY D & D BANCORP INC,56094
16991,2022-12-30,MBIN,MERCHANTS BANCORP,56101
17108,2022-12-30,STEL,STELLAR BANCORP INC,56153
17117,2022-12-30,MRBK,MERIDIAN CORP,56158
17121,2022-12-30,SBT,STERLING BANCORP INC,56160
17148,2022-12-30,LBC,LUTHER BURBANK CORP,56176
17151,2022-12-30,MVBF,M V B FINANCIAL CORP,56179
17350,2022-12-30,BWB,BRIDGEWATER BANCSHARES INC,56293
17359,2022-12-30,FNCB,FNCB BANCORP INC,56297
17368,2022-12-30,OPBK,O P BANCORP,56301
17679,2022-12-30,BFST,BUSINESS FIRST BANCSHARES INC,56331
17683,2022-12-30,CLBK,COLUMBIA FINANCIAL INC,56334
17800,2022-12-30,BCML,BAYCOM CORP,56364
17818,2022-12-30,OBNK,ORIGIN BANCORP INC,56376
17957,2022-12-30,CCB,COASTAL FINANCIAL CORP,56451
17970,2022-12-30,MYFW,FIRST WESTERN FINANCIAL INC,56459
18043,2022-12-30,AMAL,AMALGAMATED FINANCIAL CORP,56481
18049,2022-12-30,AMTB,AMERANT BANCORP INC,56487
18052,2022-12-30,PCB,P C B BANCORP,56488
18106,2022-12-30,BSVN,BANK7 CORP,56516
18108,2022-12-30,CBNK,CAPITAL BANCORP INC,56518
18115,2022-12-30,FVCB,FVCBANKCORP INC,56521
18191,2022-12-30,BFC,BANK FIRST CORP,56557
18459,2022-12-30,CARE,CARTER BANKSHARES INC,56685
18554,2022-12-30,FXNC,FIRST NATIONAL CORP VA,56701
18560,2022-12-30,MNSB,MAINSTREET BANCSHARES INC,56705
18652,2022-12-30,FRAF,FRANKLIN FINANCIAL SERVICES CORP,56739
18668,2022-12-30,RRBI,RED RIVER BANCSHARES INC,56751
18671,2022-12-30,SPFI,SOUTH PLAINS FINANCIAL INC,56754
18837,2022-12-30,FSEA,FIRST SEACOAST BANCORP,56827
18847,2022-12-30,PBFS,PIONEER BANCORP INC,56833
18851,2022-12-30,RMBI,RICHMOND MUTUAL BANCORP INC,56834
18895,2022-12-30,CFB,CROSSFIRST BANKSHARES INC,56860
18941,2022-12-30,ALRS,ALERUS FINANCIAL CORP,56887
19012,2022-12-30,HBT,H B T FINANCIAL INC,56912
19015,2022-12-30,MCBS,METROCITY BANKSHARES INC,56915
19058,2022-12-30,SI,SILVERGATE CAP CORP,56932
19185,2022-12-30,BSBK,BOGOTA FINANCIAL CORP,56998
19252,2022-12-30,PFHD,PROFESSIONAL HOLDING CORP,57031
